<?xml version="1.0" encoding="UTF-8" ?>
<!DOCTYPE mapper
  PUBLIC "-//mybatis.org//DTD Mapper 3.0//EN"
  "http://mybatis.org/dtd/mybatis-3-mapper.dtd">

<mapper namespace="dev.mvc.recommendation.RecommendationDAOInter">

  <!-- 추천 등록 -->
  <insert id="create" parameterType="dev.mvc.recommendation.RecommendationVO">
    INSERT INTO recommendation (
      recomno, lifestyle, reason, recomdate, usersno, speciesno
    ) VALUES (
      #{recomno}, #{lifestyle}, #{reason}, SYSDATE, #{usersno}, #{speciesno}
    )
  </insert>

  <!-- 전체 추천 목록 (관리자용) -->
  <select id="list" resultType="dev.mvc.recommendation.RecommendationVO">
    SELECT * FROM recommendation ORDER BY recomno DESC
  </select>

  <!-- 특정 사용자 추천 내역 -->
  <select id="listByUsersno" parameterType="int" resultType="dev.mvc.recommendation.RecommendationVO">
    SELECT * FROM recommendation
    WHERE usersno = #{usersno}
    ORDER BY recomno DESC
  </select>

  <!-- 특정 종(species) 기준 추천 내역 -->
  <select id="listBySpeciesno" parameterType="int" resultType="dev.mvc.recommendation.RecommendationVO">
    SELECT * FROM recommendation
    WHERE speciesno = #{speciesno}
    ORDER BY recomno DESC
  </select>

  <!-- 추천 상세 보기 -->
  <select id="read" parameterType="int" resultType="dev.mvc.recommendation.RecommendationVO">
    SELECT * FROM recommendation WHERE recomno = #{recomno}
  </select>

  <!-- 추천 삭제 -->
  <delete id="delete" parameterType="int">
    DELETE FROM recommendation WHERE recomno = #{recomno}
  </delete>

  <!-- 특정 사용자 전체 추천 삭제 (탈퇴 시) -->
  <delete id="deleteByUsersno" parameterType="int">
    DELETE FROM recommendation WHERE usersno = #{usersno}
  </delete>

</mapper>
