<?xml version="1.0" encoding="UTF-8" ?>
<!DOCTYPE mapper
  PUBLIC "-//mybatis.org//DTD Mapper 3.0//EN"
  "http://mybatis.org/dtd/mybatis-3-mapper.dtd">

<mapper namespace="dev.mvc.reply.ReplyDAOInter">

  <!-- 댓글 등록 -->
  <insert id="create" parameterType="dev.mvc.reply.ReplyVO">
    INSERT INTO reply (
      replyno, content, rdate, usersno, postno
    ) VALUES (
      reply_seq.NEXTVAL, #{content}, SYSDATE, #{usersno}, #{postno}
    )
  </insert>

  <!-- 특정 게시글의 댓글 전체 조회 -->
  <select id="listByPostno" parameterType="int" resultType="dev.mvc.reply.ReplyVO">
    SELECT
      r.replyno,
      r.content,
      TO_CHAR(r.rdate, 'YYYY-MM-DD HH24:MI:SS') AS rdate,
      r.usersno,
      r.postno,
      u.usersname,
      (
        SELECT COUNT(*) 
        FROM reply_like rl 
        WHERE rl.replyno = r.replyno
      ) AS likeCount
    FROM reply r
      JOIN users u ON r.usersno = u.usersno
    WHERE r.postno = #{postno}
    ORDER BY r.replyno ASC
  </select>

  <!-- 댓글 수정 -->
  <update id="update" parameterType="dev.mvc.reply.ReplyVO">
    UPDATE reply
    SET content = #{content}
    WHERE replyno = #{replyno}
  </update>

  <!-- 댓글 삭제 -->
  <delete id="delete" parameterType="int">
    DELETE FROM reply WHERE replyno = #{replyno}
  </delete>

  <!-- 특정 게시글의 댓글 수 카운트 -->
  <select id="countByPostno" parameterType="int" resultType="int">
    SELECT COUNT(*) FROM reply WHERE postno = #{postno}
  </select>

  <!-- 게시글 삭제 시 댓글 일괄 삭제 -->
  <delete id="deleteByPostno" parameterType="int">
    DELETE FROM reply WHERE postno = #{postno}
  </delete>

  <!-- 회원 탈퇴 시 댓글 일괄 삭제 -->
  <delete id="deleteByUsersno" parameterType="int">
    DELETE FROM reply WHERE usersno = #{usersno}
  </delete>

  <select id="listWithLike" parameterType="map" resultType="map">
    SELECT 
      r.replyno,
      r.content,
      TO_CHAR(r.rdate, 'YYYY-MM-DD HH24:MI:SS') AS rdate,
      u.usersname,
      
      -- 좋아요 개수
      (SELECT COUNT(*) FROM reply_like rl WHERE rl.replyno = r.replyno) AS likecnt,
      
      -- 이 사용자가 좋아요 눌렀는지 여부
      CASE 
        WHEN EXISTS (
          SELECT 1 FROM reply_like rl 
          WHERE rl.replyno = r.replyno AND rl.usersno = #{usersno}
        ) THEN 1
        ELSE 0
      END AS liked
  
    FROM reply r
      JOIN users u ON r.usersno = u.usersno
    WHERE r.postno = #{postno}
    ORDER BY r.replyno ASC
  </select>

  <select id="read" parameterType="int" resultType="dev.mvc.reply.ReplyVO">
    SELECT * FROM reply WHERE replyno = #{replyno}
  </select>
  
  <!-- 내가 쓴 댓글 목록 조회 -->
	<select id="listByUsersno" resultType="dev.mvc.reply.ReplyVO" parameterType="int">
	  SELECT
	    r.replyno,
	    r.content,
	    TO_CHAR(r.rdate, 'YYYY-MM-DD HH24:MI:SS') AS rdate,
	    r.postno,
	    r.usersno,
	    u.usersname
	  FROM reply r
	    JOIN users u ON r.usersno = u.usersno
	  WHERE r.usersno = #{usersno}
	  ORDER BY r.replyno DESC
	  FETCH FIRST 3 ROWS ONLY
	</select>
	
	<!-- 내가 쓴 댓글 개수 -->
	<select id="countByUsersno" resultType="int" parameterType="int">
	  SELECT COUNT(*) FROM reply WHERE usersno = #{usersno}
	</select>

	<select id="listByUsersnoAll" resultType="dev.mvc.reply.ReplyVO" parameterType="int">
	  SELECT
	    r.replyno,
	    r.content,
	    TO_CHAR(r.rdate, 'YYYY-MM-DD HH24:MI:SS') AS rdate,
	    r.postno,
	    r.usersno,
	    u.usersname
	  FROM reply r
	    JOIN users u ON r.usersno = u.usersno
	  WHERE r.usersno = #{usersno}
	  ORDER BY r.replyno DESC
	</select>

</mapper>
